{"id":"1886449","name":"hexo-theme-oranges","font_family":"iconfont","css_prefix_text":"icon","description":"oranges 主题icon","glyphs":[{"icon_id":"9785760","name":"sun","font_class":"-sun","unicode":"e65f","unicode_decimal":58975},{"icon_id":"11968793","name":"moon","font_class":"-moon","unicode":"e64d","unicode_decimal":58957},{"icon_id":"20869468","name":"分类目录@2x","font_class":"-catalog","unicode":"e602","unicode_decimal":58882},{"icon_id":"11249795","name":"pin-2","font_class":"-pin-top","unicode":"e850","unicode_decimal":59472},{"icon_id":"544480","name":"close","font_class":"-close","unicode":"e720","unicode_decimal":59168},{"icon_id":"459012","name":"search","font_class":"-search","unicode":"e62e","unicode_decimal":58926},{"icon_id":"433871","name":"chevron-left","font_class":"-chevronleft","unicode":"e657","unicode_decimal":58967},{"icon_id":"836431","name":"chevron-right","font_class":"-chevronright","unicode":"e688","unicode_decimal":59016},{"icon_id":"1058231","name":"eye_page view","font_class":"-eye","unicode":"e630","unicode_decimal":58928},{"icon_id":"929256","name":"edit","font_class":"-edit","unicode":"e6cc","unicode_decimal":59084},{"icon_id":"924566","name":"update","font_class":"-updatetime","unicode":"e968","unicode_decimal":59752},{"icon_id":"3876518","name":"github","font_class":"-github","unicode":"e677","unicode_decimal":58999},{"icon_id":"348372","name":"chevron-down","font_class":"-chevrondown","unicode":"ea56","unicode_decimal":59990},{"icon_id":"348473","name":"facebook-square","font_class":"-facebooksquare","unicode":"eab9","unicode_decimal":60089},{"icon_id":"349025","name":"tags","font_class":"-tags","unicode":"ecdd","unicode_decimal":60637},{"icon_id":"836345","name":"bookmark","font_class":"-bookmark","unicode":"e653","unicode_decimal":58963},{"icon_id":"929162","name":"chevron-up","font_class":"-chevronup","unicode":"e68f","unicode_decimal":59023},{"icon_id":"929530","name":"link","font_class":"-link","unicode":"e766","unicode_decimal":59238},{"icon_id":"929532","name":"linkedin","font_class":"-linkedin","unicode":"e768","unicode_decimal":59240},{"icon_id":"929967","name":"weibo","font_class":"-weibo","unicode":"e892","unicode_decimal":59538},{"icon_id":"1261571","name":"envelope","font_class":"-envelope","unicode":"e66d","unicode_decimal":58989},{"icon_id":"1261856","name":"jsfiddle","font_class":"-jsfiddle","unicode":"e6b8","unicode_decimal":59064},{"icon_id":"3876283","name":"wechat","font_class":"-wechat","unicode":"e634","unicode_decimal":58932},{"icon_id":"5633806","name":"angle-right","font_class":"-angleright","unicode":"ef1f","unicode_decimal":61215},{"icon_id":"5634881","name":"twitter","font_class":"-twitter","unicode":"f24d","unicode_decimal":62029},{"icon_id":"7736275","name":"photo","font_class":"-photo","unicode":"e907","unicode_decimal":59655},{"icon_id":"11776588","name":"qq","font_class":"-qq","unicode":"e614","unicode_decimal":58900},{"icon_id":"12965729","name":"angle-left","font_class":"-angleleft","unicode":"e694","unicode_decimal":59028},{"icon_id":"15188326","name":"emoji-friendly","font_class":"-emoji-friendly","unicode":"e6e1","unicode_decimal":59105},{"icon_id":"5634332","name":"rss","font_class":"-rss","unicode":"f09c","unicode_decimal":61596}]}